No,제목,회사,지역,link
0,"[전액국비,취업연계] SW 교육생모집 (풀스택, React, Docker)",대한상공회의소 서울기술교육센터,서울 강서구 외,https://www.jobkorea.co.kr/Recruit/GI_Read/45216360?Oem_Code=C1&logpath=1&stext=react&listno=1
1,"7.[을지로3가역] 운영, 유지보수, sm, 리액크, react, 중급, 고급",㈜이컴라인,서울 중구,https://www.jobkorea.co.kr/Recruit/GI_Read/45397203?Oem_Code=C1&logpath=1&stext=react&listno=2
2,"6.[여의도] JAVA, Vue.js, React, Spring, HTML, JSP, JavaScript,  jquery, JSON, WEB/WAS 이해, 금융, 증권, 채널, 프로트앤드, 백앤드, Front-end/Back-end 경험자 (Front-end 위주 개발), 초급, 중급, 초상, 자바, 리액트, 스프링, 자바사크립트, 뷰",㈜이컴라인,서울 영등포구,https://www.jobkorea.co.kr/Recruit/GI_Read/45377652?Oem_Code=C1&logpath=1&stext=react&listno=3
3,"[정규직/경력 4년이상] 웹 개발자 모집 (React, JavaScript, Spring, Jquery)",㈜한드림넷,경기 의왕시,https://www.jobkorea.co.kr/Recruit/GI_Read/45188932?Oem_Code=C1&logpath=1&stext=react&listno=4
4,React 개발자(프론트엔드) 모집,펜타시스템테크놀러지㈜,서울 영등포구,https://www.jobkorea.co.kr/Recruit/GI_Read/45420607?Oem_Code=C1&logpath=1&stext=react&listno=5
5,"모바일 APP 개발자 (아이오닉, react, vue.js 경력자) 채용합니다",㈜비타소프트,서울 금천구 외,https://www.jobkorea.co.kr/Recruit/GI_Read/45417775?Oem_Code=C1&logpath=1&stext=react&listno=6
6,"프론트엔드 개발(React/Next.js, 온보딩 지원 콘솔 외)",위메이드,경기 성남시,https://www.jobkorea.co.kr/Recruit/GI_Read/45412385?Oem_Code=C1&logpath=1&stext=react&listno=7
7,"모바일 APP 및 React Native 개발자 모심 [병역특례 지원 가능, 산업기능요원 ]",㈜비타소프트,서울 금천구,https://www.jobkorea.co.kr/Recruit/GI_Read/45368701?Oem_Code=C1&logpath=1&stext=react&listno=8
8,[머니쿤] 앱테크/체험단 프론트엔드 개발자 채용 (React/React Native),핫셀러,서울 동대문구,https://www.jobkorea.co.kr/Recruit/GI_Read/45284983?Oem_Code=C1&logpath=1&stext=react&listno=9
9,클라우드개발/제품개발/JAVA/React 개발 경력 채용,㈜핸디소프트,경기 안양시,https://www.jobkorea.co.kr/Recruit/GI_Read/45281449?Oem_Code=C1&logpath=1&stext=react&listno=10
10,"(오창) LG엔솔, Java, React, 초.중.고급, 체재비지원",㈜고려진단,충북 청주시 외,https://www.jobkorea.co.kr/Recruit/GI_Read/45422095?Oem_Code=C1&logpath=1&stext=react&listno=11
11,React 개발자 (10월1일 투입)  [현대카드 프로젝트 운영 - 서울 여의도],㈜엔시스템,서울 영등포구,https://www.jobkorea.co.kr/Recruit/GI_Read/45416906?Oem_Code=C1&logpath=1&stext=react&listno=12
12,React(9월2일/25년5월말/용산/초급 or 중급) 프로그래머를 모십니다.,㈜HYSOFT,서울 구로구 외,https://www.jobkorea.co.kr/Recruit/GI_Read/45416462?Oem_Code=C1&logpath=1&stext=react&listno=13
13,성장률 200프로 진행중인 회사의 개발자모집(React),㈜플러스하이,서울 종로구,https://www.jobkorea.co.kr/Recruit/GI_Read/45412164?Oem_Code=C1&logpath=1&stext=react&listno=14
14,[SI-여의도-중급.고급] Java. React (필수)/ 채용시스템 구축/ 즉시부터-12월까지,㈜비투넷,서울 금천구 외,https://www.jobkorea.co.kr/Recruit/GI_Read/45411654?Oem_Code=C1&logpath=1&stext=react&listno=15
15,"Python,Vue.js(or React)(즉시/12월말/신사동/고급) 프로그래머를 모십니다.",㈜HYSOFT,서울 구로구 외,https://www.jobkorea.co.kr/Recruit/GI_Read/45404616?Oem_Code=C1&logpath=1&stext=react&listno=16
16,"[ 초긴급 ,,,, (React.JS , TypeScript, Git, Axios, Unocss)개발자 - 오금역 ]",㈜아이티사람들,서울 송파구,https://www.jobkorea.co.kr/Recruit/GI_Read/45403570?Oem_Code=C1&logpath=1&stext=react&listno=17
17,음성인식 콜센터 시스템 react 고도화 개발[REACT / 마포 / 9월2일-3개월/고급],㈜이음아이앤씨,서울 마포구,https://www.jobkorea.co.kr/Recruit/GI_Read/45402875?Oem_Code=C1&logpath=1&stext=react&listno=18
18,"React,Java ,MES경험(9월2일/25년3월14일/서울역(단기부산출장있음)/고급) 프로그래머를 모십니다.",㈜HYSOFT,서울 구로구 외,https://www.jobkorea.co.kr/Recruit/GI_Read/45395924?Oem_Code=C1&logpath=1&stext=react&listno=19
19,"REACT.JS, JAVA 개발자 모집",㈜라이즌 스퀘어,서울 중구,https://www.jobkorea.co.kr/Recruit/GI_Read/45393870?Oem_Code=C1&logpath=1&stext=react&listno=20
20,IT 풀스택 또는 백엔드 개발자 모집,휴브알엔씨㈜,서울 송파구,https://www.jobkorea.co.kr/Recruit/GI_Read/45200662?Oem_Code=C1&logpath=1&stext=react&listno=581
21,프론트엔드 개발자 채용,㈜헥토데이터,서울 강남구,https://www.jobkorea.co.kr/Recruit/GI_Read/45199825?Oem_Code=C1&logpath=1&stext=react&listno=582
22,[경력 개발직군] Frontend Engineer 공고,언더핀,서울 서초구,https://www.jobkorea.co.kr/Recruit/GI_Read/45199725?Oem_Code=C1&logpath=1&stext=react&listno=583
23,플랫폼 개발자 (경력),빅브라운㈜,서울 강남구,https://www.jobkorea.co.kr/Recruit/GI_Read/45199122?Oem_Code=C1&logpath=1&stext=react&listno=584
24,프론트엔드 개발자 경력사원 채용,㈜로보메이션,서울 송파구,https://www.jobkorea.co.kr/Recruit/GI_Read/45198620?Oem_Code=C1&logpath=1&stext=react&listno=585
25,[크몽X프리랜서] 금융(생명보험) 업무 개발자,㈜크몽,서울 강남구,https://www.jobkorea.co.kr/Recruit/GI_Read/45198318?Oem_Code=C1&logpath=1&stext=react&listno=586
26,프론트앤드 개발자 모집,㈜에이치씨엔씨,울산 중구,https://www.jobkorea.co.kr/Recruit/GI_Read/45198032?Oem_Code=C1&logpath=1&stext=react&listno=587
27,[실내자율주행로봇 연구개발] 로봇관제 Front-End,㈜로보티즈,서울 강서구,https://www.jobkorea.co.kr/Recruit/GI_Read/45197797?Oem_Code=C1&logpath=1&stext=react&listno=588
28,[웹개발] Web 서비스개발자 (프론트엔드) 채용,피나클나인㈜,서울 구로구,https://www.jobkorea.co.kr/Recruit/GI_Read/45196647?Oem_Code=C1&logpath=1&stext=react&listno=589
29,[외국계/재택근무] Orion Governance Senior Full Stack Developer 정규직 채용,㈜엑스큐브,전국,https://www.jobkorea.co.kr/Recruit/GI_Read/45195501?Oem_Code=C1&logpath=1&stext=react&listno=590
30,[외국계/재택근무] Orion Governance Full Stack Developer 정규직 채용,㈜엑스큐브,전국,https://www.jobkorea.co.kr/Recruit/GI_Read/45195459?Oem_Code=C1&logpath=1&stext=react&listno=591
31,주식회사오오칠팔구  AI 활용교육 프론트엔드 개발자,주식회사오오칠팔구,경기 성남시 외,https://www.jobkorea.co.kr/Recruit/GI_Read/45194531?Oem_Code=C1&logpath=1&stext=react&listno=592
32,스마트팩토리(MES) 개발자 경력사원 모집,㈜에이시에스,서울 금천구,https://www.jobkorea.co.kr/Recruit/GI_Read/45193184?Oem_Code=C1&logpath=1&stext=react&listno=593
33,로보틱스 에듀테크 프론트엔드 개발자,㈜로보메이션,서울 송파구,https://www.jobkorea.co.kr/Recruit/GI_Read/45185359?Oem_Code=C1&logpath=1&stext=react&listno=594
34,[개발직군] Senior Engineer 공고,언더핀,서울 서초구,https://www.jobkorea.co.kr/Recruit/GI_Read/45185110?Oem_Code=C1&logpath=1&stext=react&listno=595
35,[(주)애니로직] (경력7년이상) 개발PL,애니로직,서울 금천구,https://www.jobkorea.co.kr/Recruit/GI_Read/45183787?Oem_Code=C1&logpath=1&stext=react&listno=596
36,Front-end web developer job description,주식회사 엠더블유네트웍스,서울 강남구,https://www.jobkorea.co.kr/Recruit/GI_Read/45183338?Oem_Code=C1&logpath=1&stext=react&listno=597
37,프론트엔드 개발자(Front-End Developer) 채용,㈜부동산플래닛,서울 강남구,https://www.jobkorea.co.kr/Recruit/GI_Read/45183312?Oem_Code=C1&logpath=1&stext=react&listno=598
38,Front-end SWE,㈜휴이노,서울 강남구,https://www.jobkorea.co.kr/Recruit/GI_Read/45175298?Oem_Code=C1&logpath=1&stext=react&listno=599
39,"SAP C4C, BTP, UI5 개발자",제이엠씨컨설팅㈜,서울 마포구,https://www.jobkorea.co.kr/Recruit/GI_Read/45172868?Oem_Code=C1&logpath=1&stext=react&listno=600
40,프론트엔드 개발자 신입,㈜모멘티,서울,https://www.jobkorea.co.kr/Recruit/GI_Read/45345942?Oem_Code=C1&logpath=1
41,[GS네오텍] IT/플랜트 경력.신입사원 채용,GS네오텍㈜,서울,https://www.jobkorea.co.kr/Recruit/GI_Read/45249456?Oem_Code=C1&logpath=1
42,[연3300가능]쿠팡 플렉스어시스턴트(현장운영/관리/학력경력무관),쿠팡 주식회사,서울 외,https://www.jobkorea.co.kr/Recruit/GI_Read/45239910?Oem_Code=C1&logpath=1
43,기획작가 및 시나리오 작가,㈜더존크리에이티브,서울,https://www.jobkorea.co.kr/Recruit/GI_Read/45327536?Oem_Code=C1&logpath=1
44,각 부문별 경력/신입 인재영입,(주)우아한형제들,서울,https://www.jobkorea.co.kr/Recruit/GI_Read/45324861?Oem_Code=C1&logpath=1
45,[우수교육기업] 에듀플렉스 학습컨설턴트 정규직 188기 전국 채용,넥스큐브코퍼레이션㈜,서울 외,https://www.jobkorea.co.kr/Recruit/GI_Read/45306608?Oem_Code=C1&logpath=1
46,[SK매직] AI신사업 및 R&D 부문 경력 인재영입,SK매직,경기 외,https://www.jobkorea.co.kr/Recruit/GI_Read/45343450?Oem_Code=C1&logpath=1
47,2024년도 하반기 제1차 직원채용 공고(무기계약직 및 기간제 직원 공개채용),인천글로벌캠퍼스운영 재단법인,인천 외,https://www.jobkorea.co.kr/Recruit/GI_Read/45296712?Oem_Code=C1&logpath=1
48,[신입/경력]종합광고대행사 시각/광고 디자이너 모집,티브이씨㈜,서울 외,https://www.jobkorea.co.kr/Recruit/GI_Read/45333413?Oem_Code=C1&logpath=1
49,2024 빗썸코리아 전직군 채용,빗썸코리아,서울,https://www.jobkorea.co.kr/Recruit/GI_Read/45233837?Oem_Code=C1&logpath=1
50,부산본부 기간제근로자(청년인턴) 채용,한국교통안전공단,부산,https://www.jobkorea.co.kr/Recruit/GI_Read/45353548?Oem_Code=C1&logpath=1
51,[해외근무] 엘지 에너지솔루션 미국 오하이오주 설비보조(cs) 업무 채용(신입가능),다원코리아,경기,https://www.jobkorea.co.kr/Recruit/GI_Read/45064729?Oem_Code=C1&logpath=1
52,2024년 화장품 각 부문 정규직 채용,한솔생명과학㈜,경기,https://www.jobkorea.co.kr/Recruit/GI_Read/45291249?Oem_Code=C1&logpath=1
53,㈜누리마루 온라인 MD 신입 및 경력 채용,㈜누리마루,경기 외,https://www.jobkorea.co.kr/Recruit/GI_Read/45285977?Oem_Code=C1&logpath=1
54,2024년 대한제당 부문별 신입 및 경력 채용,대한제당㈜,서울 외,https://www.jobkorea.co.kr/Recruit/GI_Read/45353430?Oem_Code=C1&logpath=1
55,제15회 광주비엔날레 전시(운영)크루 참여희망자 모집 안내,㈜메이커피앤에스,광주,https://www.jobkorea.co.kr/Recruit/GI_Read/45348862?Oem_Code=C1&logpath=1
56,[이엔에스코리아] 확장에 따른 인재를 모집합니다,㈜이엔에스코리아,서울 외,https://www.jobkorea.co.kr/Recruit/GI_Read/45001171?Oem_Code=C1&logpath=1
57,"헥토이노베이션 직군별 채용 (서비스기획,시스템운영,정보보안,영업,광고기획,MD,커머스 기획,개발)",㈜헥토이노베이션,서울,https://www.jobkorea.co.kr/Recruit/GI_Read/45210585?Oem_Code=C1&logpath=1
58,㈜모트렉스 2024년 신입/경력  대규모 공개채용,㈜모트렉스,충남 외,https://www.jobkorea.co.kr/Recruit/GI_Read/45335317?Oem_Code=C1&logpath=1
59,2024년 8월 코오롱그룹 정기공채,코오롱그룹,경기 외,https://www.jobkorea.co.kr/Recruit/GI_Read/45355727?Oem_Code=C1&logpath=1
60,2024   라이나 생명보험 IT 직군 대규모 경력 채용,라이나생명보험,서울,https://www.jobkorea.co.kr/Recruit/GI_Read/45341578?Oem_Code=C1&logpath=1
61,제15회 광주비엔날레 전시(운영)크루 참여희망자 모집 안내,㈜메이커피앤에스,광주,https://www.jobkorea.co.kr/Recruit/GI_Read/45348862?Oem_Code=C1&logpath=1
62,[직영] 24년 신학기 각 부문 STAFF 모집,㈜DYB최선어학원,서울 외,https://www.jobkorea.co.kr/Recruit/GI_Read/45325558?Oem_Code=C1&logpath=1
63,"헥토이노베이션 직군별 채용 (서비스기획,시스템운영,정보보안,영업,광고기획,MD,커머스 기획,개발)",㈜헥토이노베이션,서울,https://www.jobkorea.co.kr/Recruit/GI_Read/45210585?Oem_Code=C1&logpath=1
64,인투에듀에서 좋은 영업할 인재를 찾습니다,㈜인투에듀,서울 외,https://www.jobkorea.co.kr/Recruit/GI_Read/45255985?Oem_Code=C1&logpath=1
65,2024년 공영홈쇼핑 NCS기반 블라인드 채용  (신입/전문계약직/육아휴직 대체인력),㈜공영홈쇼핑,서울,https://www.jobkorea.co.kr/Recruit/GI_Read/45341839?Oem_Code=C1&logpath=1
66,[웨이크원] 경영지원 업무 담당자 모집,㈜웨이크원 (wakeone),서울,https://www.jobkorea.co.kr/Recruit/GI_Read/45302680?Oem_Code=C1&logpath=1
67,사무직 신입 및 경력 채용,엘에스메탈㈜,경기 외,https://www.jobkorea.co.kr/Recruit/GI_Read/45355367?Oem_Code=C1&logpath=1
68,경기청년 일자리 매치업 3차 통합채용공고,(재)경기도일자리재단,경기,https://www.jobkorea.co.kr/Recruit/GI_Read/45337192?Oem_Code=C1&logpath=1
69,2024년 관리직(08월) 채용공고 전부문 (간부/경력/신입),에이치에스지성동조선,경남,https://www.jobkorea.co.kr/Recruit/GI_Read/45355726?Oem_Code=C1&logpath=1
70,"
심스테크
관심기업
",심스테크,경기>안양시 동안구,https://www.incruit.com/company/1682366290
71,"
스마트 뉴비
",스마트 뉴비,대전>유성구,#
72,"
(주)에이피서비스
관심기업
",(주)에이피서비스,서울>강남구,https://www.incruit.com/company/1681781812
73,"
주식회사 숲
관심기업
",주식회사 숲,경기>성남시 분당구,https://www.incruit.com/company/27054942
74,"
위즈메이드(주)
관심기업
",위즈메이드(주),부산>금정구 외,https://www.incruit.com/company/1683038946
75,"
차봇모빌리티 주식회사
관심기업
",차봇모빌리티 주식회사,서울>성동구 외,https://www.incruit.com/company/1675766705
76,"
(주)브이에스엘
관심기업
",(주)브이에스엘,충남>천안시 서북구,https://www.incruit.com/company/1685739482
77,"
리디주식회사
관심기업
",리디주식회사,서울>강남구,https://www.incruit.com/company/8738003
78,"
두잇시스템
",두잇시스템,서울>중구,#
79,"
(주)비투넷
관심기업
",(주)비투넷,서울>금천구 외,https://www.incruit.com/company/1686605954
80,"
(주)딥인스펙션
관심기업
",(주)딥인스펙션,서울>송파구,https://www.incruit.com/company/1669493750
81,"
(주)에이블스토어
관심기업
",(주)에이블스토어,서울>영등포구,https://www.incruit.com/company/1685796047
82,"
(주) 더에이아이랩
관심기업
",(주) 더에이아이랩,서울>강남구,https://www.incruit.com/company/1685738103
83,"
(주)비브이씨
관심기업
",(주)비브이씨,서울>마포구,https://www.incruit.com/company/1682533770
84,"
주식회사 에스지인스티튜트
관심기업
",주식회사 에스지인스티튜트,서울>강남구,https://www.incruit.com/company/1686932680
85,"
(주)볼라
관심기업
",(주)볼라,서울>강남구,https://www.incruit.com/company/1688712712
86,"
(주)레어소프트
관심기업
",(주)레어소프트,서울>금천구 외,https://www.incruit.com/company/1681825702
87,"
주식회사 더쇼소프트웨어
관심기업
",주식회사 더쇼소프트웨어,서울>강남구,https://www.incruit.com/company/1688941030
88,"
(주)이노룰스
관심기업
",(주)이노룰스,서울>송파구,https://www.incruit.com/company/1688129843
89,"
(주)에이피서비스
관심기업
",(주)에이피서비스,서울>강남구,https://www.incruit.com/company/1681781812
90,"
(주)엘핀
관심기업
",(주)엘핀,서울>강서구,https://www.incruit.com/company/1687160746
91,"
하이케어넷 주식회사
관심기업
",하이케어넷 주식회사,서울>송파구,https://www.incruit.com/company/1681855805
92,"
(주)아이티엔제이
관심기업
",(주)아이티엔제이,울산>남구,https://www.incruit.com/company/1678108883
93,"
(주)마상소프트
관심기업
",(주)마상소프트,부산>해운대구,https://www.incruit.com/company/2109010
94,"
(주)홈밸런스주택관리
",(주)홈밸런스주택관리,대전>유성구,#
95,"
(유)세연정보시스템
",(유)세연정보시스템,전북>익산시,#
96,"
비아(유)
",비아(유),전북>전주시 덕진구,#
97,"
(주)플래티어
관심기업
",(주)플래티어,서울>송파구,https://www.incruit.com/company/1681441772
98,"
싸이더스
",싸이더스,경기>수원시 영통구,#
99,"
(주)스마트큐브랩스
관심기업
",(주)스마트큐브랩스,경기>고양시 일산동구,https://www.incruit.com/company/1685315692
100,"
스마트 뉴비
",스마트 뉴비,대전>유성구,#
101,"
(주)에이피서비스
관심기업
",(주)에이피서비스,서울>강남구,https://www.incruit.com/company/1681781812
102,"
주식회사 숲
관심기업
",주식회사 숲,경기>성남시 분당구,https://www.incruit.com/company/27054942
103,"
위즈메이드(주)
관심기업
",위즈메이드(주),부산>금정구 외,https://www.incruit.com/company/1683038946
104,"
차봇모빌리티 주식회사
관심기업
",차봇모빌리티 주식회사,서울>성동구 외,https://www.incruit.com/company/1675766705
105,"
(주)브이에스엘
관심기업
",(주)브이에스엘,충남>천안시 서북구,https://www.incruit.com/company/1685739482
106,"
리디주식회사
관심기업
",리디주식회사,서울>강남구,https://www.incruit.com/company/8738003
107,"
두잇시스템
",두잇시스템,서울>중구,#
108,"
(주)비투넷
관심기업
",(주)비투넷,서울>금천구 외,https://www.incruit.com/company/1686605954
109,"
(주)딥인스펙션
관심기업
",(주)딥인스펙션,서울>송파구,https://www.incruit.com/company/1669493750
110,"
(주)에이블스토어
관심기업
",(주)에이블스토어,서울>영등포구,https://www.incruit.com/company/1685796047
111,"
(주) 더에이아이랩
관심기업
",(주) 더에이아이랩,서울>강남구,https://www.incruit.com/company/1685738103
112,"
(주)비브이씨
관심기업
",(주)비브이씨,서울>마포구,https://www.incruit.com/company/1682533770
113,"
주식회사 에스지인스티튜트
관심기업
",주식회사 에스지인스티튜트,서울>강남구,https://www.incruit.com/company/1686932680
114,"
(주)볼라
관심기업
",(주)볼라,서울>강남구,https://www.incruit.com/company/1688712712
115,"
(주)레어소프트
관심기업
",(주)레어소프트,서울>금천구 외,https://www.incruit.com/company/1681825702
116,"
주식회사 더쇼소프트웨어
관심기업
",주식회사 더쇼소프트웨어,서울>강남구,https://www.incruit.com/company/1688941030
117,"
(주)이노룰스
관심기업
",(주)이노룰스,서울>송파구,https://www.incruit.com/company/1688129843
118,"
(주)에이피서비스
관심기업
",(주)에이피서비스,서울>강남구,https://www.incruit.com/company/1681781812
119,"
(주)엘핀
관심기업
",(주)엘핀,서울>강서구,https://www.incruit.com/company/1687160746
120,"
하이케어넷 주식회사
관심기업
",하이케어넷 주식회사,서울>송파구,https://www.incruit.com/company/1681855805
121,"
(주)아이티엔제이
관심기업
",(주)아이티엔제이,울산>남구,https://www.incruit.com/company/1678108883
122,"
(주)마상소프트
관심기업
",(주)마상소프트,부산>해운대구,https://www.incruit.com/company/2109010
123,"
(주)홈밸런스주택관리
",(주)홈밸런스주택관리,대전>유성구,#
124,"
(유)세연정보시스템
",(유)세연정보시스템,전북>익산시,#
125,"
비아(유)
",비아(유),전북>전주시 덕진구,#
126,"
(주)플래티어
관심기업
",(주)플래티어,서울>송파구,https://www.incruit.com/company/1681441772
127,"
싸이더스
",싸이더스,경기>수원시 영통구,#
128,"
(주)스마트큐브랩스
관심기업
",(주)스마트큐브랩스,경기>고양시 일산동구,https://www.incruit.com/company/1685315692
129,"
(주)엠아이솔루션
관심기업
",(주)엠아이솔루션,대전>유성구,https://www.incruit.com/company/1683583246
130,"
(주)에이피서비스
관심기업
",(주)에이피서비스,서울>강남구,https://www.incruit.com/company/1681781812
131,"
주식회사 숲
관심기업
",주식회사 숲,경기>성남시 분당구,https://www.incruit.com/company/27054942
132,"
위즈메이드(주)
관심기업
",위즈메이드(주),부산>금정구 외,https://www.incruit.com/company/1683038946
133,"
차봇모빌리티 주식회사
관심기업
",차봇모빌리티 주식회사,서울>성동구 외,https://www.incruit.com/company/1675766705
134,"
(주)브이에스엘
관심기업
",(주)브이에스엘,충남>천안시 서북구,https://www.incruit.com/company/1685739482
135,"
리디주식회사
관심기업
",리디주식회사,서울>강남구,https://www.incruit.com/company/8738003
136,"
두잇시스템
",두잇시스템,서울>중구,#
137,"
(주)비투넷
관심기업
",(주)비투넷,서울>금천구 외,https://www.incruit.com/company/1686605954
138,"
(주)딥인스펙션
관심기업
",(주)딥인스펙션,서울>송파구,https://www.incruit.com/company/1669493750
139,"
(주)에이블스토어
관심기업
",(주)에이블스토어,서울>영등포구,https://www.incruit.com/company/1685796047
140,"
(주) 더에이아이랩
관심기업
",(주) 더에이아이랩,서울>강남구,https://www.incruit.com/company/1685738103
141,"
(주)비브이씨
관심기업
",(주)비브이씨,서울>마포구,https://www.incruit.com/company/1682533770
142,"
주식회사 에스지인스티튜트
관심기업
",주식회사 에스지인스티튜트,서울>강남구,https://www.incruit.com/company/1686932680
143,"
(주)볼라
관심기업
",(주)볼라,서울>강남구,https://www.incruit.com/company/1688712712
144,"
(주)레어소프트
관심기업
",(주)레어소프트,서울>금천구 외,https://www.incruit.com/company/1681825702
145,"
주식회사 더쇼소프트웨어
관심기업
",주식회사 더쇼소프트웨어,서울>강남구,https://www.incruit.com/company/1688941030
146,"
(주)이노룰스
관심기업
",(주)이노룰스,서울>송파구,https://www.incruit.com/company/1688129843
147,"
(주)에이피서비스
관심기업
",(주)에이피서비스,서울>강남구,https://www.incruit.com/company/1681781812
148,"
(주)엘핀
관심기업
",(주)엘핀,서울>강서구,https://www.incruit.com/company/1687160746
149,"
하이케어넷 주식회사
관심기업
",하이케어넷 주식회사,서울>송파구,https://www.incruit.com/company/1681855805
150,"
(주)아이티엔제이
관심기업
",(주)아이티엔제이,울산>남구,https://www.incruit.com/company/1678108883
151,"
(주)마상소프트
관심기업
",(주)마상소프트,부산>해운대구,https://www.incruit.com/company/2109010
152,"
(주)홈밸런스주택관리
",(주)홈밸런스주택관리,대전>유성구,#
153,"
(유)세연정보시스템
",(유)세연정보시스템,전북>익산시,#
154,"
비아(유)
",비아(유),전북>전주시 덕진구,#
155,"
(주)플래티어
관심기업
",(주)플래티어,서울>송파구,https://www.incruit.com/company/1681441772
156,"
싸이더스
",싸이더스,경기>수원시 영통구,#
157,"
(주)스마트큐브랩스
관심기업
",(주)스마트큐브랩스,경기>고양시 일산동구,https://www.incruit.com/company/1685315692
158,"
(주)엠아이솔루션
관심기업
",(주)엠아이솔루션,대전>유성구,https://www.incruit.com/company/1683583246
159,"
(주)엠아이솔루션
관심기업
",(주)엠아이솔루션,대전>유성구,https://www.incruit.com/company/1683583246
160,"
주식회사 숲
관심기업
",주식회사 숲,경기>성남시 분당구,https://www.incruit.com/company/27054942
161,"
위즈메이드(주)
관심기업
",위즈메이드(주),부산>금정구 외,https://www.incruit.com/company/1683038946
162,"
차봇모빌리티 주식회사
관심기업
",차봇모빌리티 주식회사,서울>성동구 외,https://www.incruit.com/company/1675766705
163,"
(주)브이에스엘
관심기업
",(주)브이에스엘,충남>천안시 서북구,https://www.incruit.com/company/1685739482
164,"
리디주식회사
관심기업
",리디주식회사,서울>강남구,https://www.incruit.com/company/8738003
165,"
두잇시스템
",두잇시스템,서울>중구,#
166,"
(주)비투넷
관심기업
",(주)비투넷,서울>금천구 외,https://www.incruit.com/company/1686605954
167,"
(주)딥인스펙션
관심기업
",(주)딥인스펙션,서울>송파구,https://www.incruit.com/company/1669493750
168,"
(주)에이블스토어
관심기업
",(주)에이블스토어,서울>영등포구,https://www.incruit.com/company/1685796047
169,"
(주) 더에이아이랩
관심기업
",(주) 더에이아이랩,서울>강남구,https://www.incruit.com/company/1685738103
170,"
(주)비브이씨
관심기업
",(주)비브이씨,서울>마포구,https://www.incruit.com/company/1682533770
171,"
주식회사 에스지인스티튜트
관심기업
",주식회사 에스지인스티튜트,서울>강남구,https://www.incruit.com/company/1686932680
172,"
(주)볼라
관심기업
",(주)볼라,서울>강남구,https://www.incruit.com/company/1688712712
173,"
(주)레어소프트
관심기업
",(주)레어소프트,서울>금천구 외,https://www.incruit.com/company/1681825702
174,"
주식회사 더쇼소프트웨어
관심기업
",주식회사 더쇼소프트웨어,서울>강남구,https://www.incruit.com/company/1688941030
175,"
(주)이노룰스
관심기업
",(주)이노룰스,서울>송파구,https://www.incruit.com/company/1688129843
176,"
(주)에이피서비스
관심기업
",(주)에이피서비스,서울>강남구,https://www.incruit.com/company/1681781812
177,"
(주)엘핀
관심기업
",(주)엘핀,서울>강서구,https://www.incruit.com/company/1687160746
178,"
하이케어넷 주식회사
관심기업
",하이케어넷 주식회사,서울>송파구,https://www.incruit.com/company/1681855805
179,"
(주)아이티엔제이
관심기업
",(주)아이티엔제이,울산>남구,https://www.incruit.com/company/1678108883
180,"
(주)마상소프트
관심기업
",(주)마상소프트,부산>해운대구,https://www.incruit.com/company/2109010
181,"
(주)홈밸런스주택관리
",(주)홈밸런스주택관리,대전>유성구,#
182,"
(유)세연정보시스템
",(유)세연정보시스템,전북>익산시,#
183,"
비아(유)
",비아(유),전북>전주시 덕진구,#
184,"
(주)플래티어
관심기업
",(주)플래티어,서울>송파구,https://www.incruit.com/company/1681441772
185,"
싸이더스
",싸이더스,경기>수원시 영통구,#
186,"
(주)스마트큐브랩스
관심기업
",(주)스마트큐브랩스,경기>고양시 일산동구,https://www.incruit.com/company/1685315692
187,"
(주)엠아이솔루션
관심기업
",(주)엠아이솔루션,대전>유성구,https://www.incruit.com/company/1683583246
188,"
(주)엠아이솔루션
관심기업
",(주)엠아이솔루션,대전>유성구,https://www.incruit.com/company/1683583246
189,"
(주)플래티어
관심기업
",(주)플래티어,서울>송파구,https://www.incruit.com/company/1681441772
190,"
위즈메이드(주)
관심기업
",위즈메이드(주),부산>금정구 외,https://www.incruit.com/company/1683038946
191,"
차봇모빌리티 주식회사
관심기업
",차봇모빌리티 주식회사,서울>성동구 외,https://www.incruit.com/company/1675766705
192,"
(주)브이에스엘
관심기업
",(주)브이에스엘,충남>천안시 서북구,https://www.incruit.com/company/1685739482
193,"
리디주식회사
관심기업
",리디주식회사,서울>강남구,https://www.incruit.com/company/8738003
194,"
두잇시스템
",두잇시스템,서울>중구,#
195,"
(주)비투넷
관심기업
",(주)비투넷,서울>금천구 외,https://www.incruit.com/company/1686605954
196,"
(주)딥인스펙션
관심기업
",(주)딥인스펙션,서울>송파구,https://www.incruit.com/company/1669493750
197,"
(주)에이블스토어
관심기업
",(주)에이블스토어,서울>영등포구,https://www.incruit.com/company/1685796047
198,"
(주) 더에이아이랩
관심기업
",(주) 더에이아이랩,서울>강남구,https://www.incruit.com/company/1685738103
199,"
(주)비브이씨
관심기업
",(주)비브이씨,서울>마포구,https://www.incruit.com/company/1682533770
200,"
주식회사 에스지인스티튜트
관심기업
",주식회사 에스지인스티튜트,서울>강남구,https://www.incruit.com/company/1686932680
201,"
(주)볼라
관심기업
",(주)볼라,서울>강남구,https://www.incruit.com/company/1688712712
202,"
(주)레어소프트
관심기업
",(주)레어소프트,서울>금천구 외,https://www.incruit.com/company/1681825702
203,"
주식회사 더쇼소프트웨어
관심기업
",주식회사 더쇼소프트웨어,서울>강남구,https://www.incruit.com/company/1688941030
204,"
(주)이노룰스
관심기업
",(주)이노룰스,서울>송파구,https://www.incruit.com/company/1688129843
205,"
(주)에이피서비스
관심기업
",(주)에이피서비스,서울>강남구,https://www.incruit.com/company/1681781812
206,"
(주)엘핀
관심기업
",(주)엘핀,서울>강서구,https://www.incruit.com/company/1687160746
207,"
하이케어넷 주식회사
관심기업
",하이케어넷 주식회사,서울>송파구,https://www.incruit.com/company/1681855805
208,"
(주)아이티엔제이
관심기업
",(주)아이티엔제이,울산>남구,https://www.incruit.com/company/1678108883
209,"
(주)마상소프트
관심기업
",(주)마상소프트,부산>해운대구,https://www.incruit.com/company/2109010
210,"
(주)홈밸런스주택관리
",(주)홈밸런스주택관리,대전>유성구,#
211,"
(유)세연정보시스템
",(유)세연정보시스템,전북>익산시,#
212,"
비아(유)
",비아(유),전북>전주시 덕진구,#
213,"
(주)플래티어
관심기업
",(주)플래티어,서울>송파구,https://www.incruit.com/company/1681441772
214,"
싸이더스
",싸이더스,경기>수원시 영통구,#
215,"
(주)스마트큐브랩스
관심기업
",(주)스마트큐브랩스,경기>고양시 일산동구,https://www.incruit.com/company/1685315692
216,"
(주)엠아이솔루션
관심기업
",(주)엠아이솔루션,대전>유성구,https://www.incruit.com/company/1683583246
217,"
(주)엠아이솔루션
관심기업
",(주)엠아이솔루션,대전>유성구,https://www.incruit.com/company/1683583246
218,"
(주)플래티어
관심기업
",(주)플래티어,서울>송파구,https://www.incruit.com/company/1681441772
219,"
(주)베스텔라랩
",(주)베스텔라랩,경기>안양시 동안구 외,#
